"interval","sum_rank_prediction_correct","average_rank_prediction_correct","sample_size","seasons"
1,84,0.19047619047619,441,"2011_2012"
3,77,0.17906976744186,430,"2011_2012"
5,76,0.180522565320665,421,"2011_2012"
7,73,0.177615571776156,411,"2011_2012"
9,70,0.172413793103448,406,"2011_2012"
11,64,0.164102564102564,390,"2011_2012"
13,58,0.155495978552279,373,"2011_2012"
15,55,0.151098901098901,364,"2011_2012"
17,53,0.149717514124294,354,"2011_2012"
19,44,0.130177514792899,338,"2011_2012"
21,43,0.131498470948012,327,"2011_2012"
23,37,0.119354838709677,310,"2011_2012"
25,33,0.110738255033557,298,"2011_2012"
27,30,0.104529616724739,287,"2011_2012"
29,29,0.102836879432624,282,"2011_2012"
31,26,0.0948905109489051,274,"2011_2012"
33,25,0.0932835820895522,268,"2011_2012"
35,23,0.0881226053639847,261,"2011_2012"
37,22,0.088,250,"2011_2012"
39,19,0.0788381742738589,241,"2011_2012"
41,18,0.0772532188841202,233,"2011_2012"
43,18,0.079646017699115,226,"2011_2012"
45,17,0.0790697674418605,215,"2011_2012"
47,17,0.083743842364532,203,"2011_2012"
49,16,0.0829015544041451,193,"2011_2012"
51,14,0.0773480662983425,181,"2011_2012"
53,13,0.0742857142857143,175,"2011_2012"
55,12,0.072289156626506,166,"2011_2012"
57,12,0.0754716981132075,159,"2011_2012"
59,12,0.0821917808219178,146,"2011_2012"
61,12,0.0888888888888889,135,"2011_2012"
63,11,0.0887096774193548,124,"2011_2012"
65,11,0.0901639344262295,122,"2011_2012"
67,10,0.0840336134453782,119,"2011_2012"
69,10,0.0892857142857143,112,"2011_2012"
71,9,0.0857142857142857,105,"2011_2012"
73,8,0.0808080808080808,99,"2011_2012"
75,8,0.0879120879120879,91,"2011_2012"
77,8,0.0909090909090909,88,"2011_2012"
79,8,0.0987654320987654,81,"2011_2012"
81,7,0.0875,80,"2011_2012"
83,7,0.0933333333333333,75,"2011_2012"
85,5,0.0735294117647059,68,"2011_2012"
87,4,0.0677966101694915,59,"2011_2012"
89,3,0.0545454545454545,55,"2011_2012"
91,3,0.0545454545454545,55,"2011_2012"
93,3,0.0545454545454545,55,"2011_2012"
95,3,0.0576923076923077,52,"2011_2012"
97,3,0.0612244897959184,49,"2011_2012"
99,3,0.0666666666666667,45,"2011_2012"
101,3,0.075,40,"2011_2012"
103,3,0.0789473684210526,38,"2011_2012"
105,3,0.0967741935483871,31,"2011_2012"
107,3,0.107142857142857,28,"2011_2012"
109,2,0.0769230769230769,26,"2011_2012"
111,1,0.0416666666666667,24,"2011_2012"
113,1,0.0416666666666667,24,"2011_2012"
115,1,0.0454545454545455,22,"2011_2012"
117,1,0.05,20,"2011_2012"
119,0,0,18,"2011_2012"
121,0,0,17,"2011_2012"
123,0,0,17,"2011_2012"
125,0,0,16,"2011_2012"
127,0,0,16,"2011_2012"
129,0,0,15,"2011_2012"
131,0,0,13,"2011_2012"
133,0,0,11,"2011_2012"
135,0,0,10,"2011_2012"
137,0,0,10,"2011_2012"
139,0,0,8,"2011_2012"
141,0,0,8,"2011_2012"
143,0,0,6,"2011_2012"
145,0,0,6,"2011_2012"
147,0,0,6,"2011_2012"
149,0,0,6,"2011_2012"
151,0,0,6,"2011_2012"
153,0,0,4,"2011_2012"
155,0,0,4,"2011_2012"
157,0,0,4,"2011_2012"
159,0,0,4,"2011_2012"
161,0,0,4,"2011_2012"
163,0,0,3,"2011_2012"
165,0,0,3,"2011_2012"
167,0,0,2,"2011_2012"
169,0,0,2,"2011_2012"
171,0,0,2,"2011_2012"
173,0,0,2,"2011_2012"
175,0,0,2,"2011_2012"
177,0,0,2,"2011_2012"
179,0,0,2,"2011_2012"
181,0,0,2,"2011_2012"
183,0,0,2,"2011_2012"
185,0,0,2,"2011_2012"
187,0,0,2,"2011_2012"
189,0,0,2,"2011_2012"
191,0,0,2,"2011_2012"
193,0,0,2,"2011_2012"
195,0,0,1,"2011_2012"
197,0,NA,0,"2011_2012"
199,0,NA,0,"2011_2012"
201,0,NA,0,"2011_2012"
203,0,NA,0,"2011_2012"
205,0,NA,0,"2011_2012"
207,0,NA,0,"2011_2012"
209,0,NA,0,"2011_2012"
1,135,0.207373271889401,651,"2013_2014"
3,126,0.201277955271566,626,"2013_2014"
5,122,0.200988467874794,607,"2013_2014"
7,117,0.198641765704584,589,"2013_2014"
9,112,0.195804195804196,572,"2013_2014"
11,111,0.2,555,"2013_2014"
13,101,0.188081936685289,537,"2013_2014"
15,93,0.181640625,512,"2013_2014"
17,91,0.186858316221766,487,"2013_2014"
19,87,0.187904967602592,463,"2013_2014"
21,81,0.185354691075515,437,"2013_2014"
23,75,0.178571428571429,420,"2013_2014"
25,69,0.173366834170854,398,"2013_2014"
27,63,0.164921465968586,382,"2013_2014"
29,59,0.162534435261708,363,"2013_2014"
31,55,0.156695156695157,351,"2013_2014"
33,47,0.142857142857143,329,"2013_2014"
35,46,0.146031746031746,315,"2013_2014"
37,40,0.134680134680135,297,"2013_2014"
39,39,0.136363636363636,286,"2013_2014"
41,38,0.139705882352941,272,"2013_2014"
43,37,0.137546468401487,269,"2013_2014"
45,32,0.125,256,"2013_2014"
47,27,0.112033195020747,241,"2013_2014"
49,27,0.118421052631579,228,"2013_2014"
51,24,0.110599078341014,217,"2013_2014"
53,21,0.103448275862069,203,"2013_2014"
55,19,0.0969387755102041,196,"2013_2014"
57,19,0.100529100529101,189,"2013_2014"
59,18,0.0989010989010989,182,"2013_2014"
61,17,0.0949720670391061,179,"2013_2014"
63,16,0.0930232558139535,172,"2013_2014"
65,15,0.0903614457831325,166,"2013_2014"
67,15,0.0943396226415094,159,"2013_2014"
69,12,0.0789473684210526,152,"2013_2014"
71,8,0.0563380281690141,142,"2013_2014"
73,8,0.0575539568345324,139,"2013_2014"
75,7,0.0526315789473684,133,"2013_2014"
77,7,0.0534351145038168,131,"2013_2014"
79,6,0.0483870967741935,124,"2013_2014"
81,6,0.0508474576271186,118,"2013_2014"
83,6,0.0530973451327434,113,"2013_2014"
85,6,0.0540540540540541,111,"2013_2014"
87,6,0.0560747663551402,107,"2013_2014"
89,6,0.06,100,"2013_2014"
91,6,0.0618556701030928,97,"2013_2014"
93,6,0.0638297872340425,94,"2013_2014"
95,5,0.0555555555555556,90,"2013_2014"
97,4,0.0493827160493827,81,"2013_2014"
99,4,0.0506329113924051,79,"2013_2014"
101,4,0.051948051948052,77,"2013_2014"
103,3,0.0410958904109589,73,"2013_2014"
105,2,0.0294117647058824,68,"2013_2014"
107,2,0.0298507462686567,67,"2013_2014"
109,2,0.0350877192982456,57,"2013_2014"
111,2,0.037037037037037,54,"2013_2014"
113,2,0.0392156862745098,51,"2013_2014"
115,2,0.04,50,"2013_2014"
117,2,0.0416666666666667,48,"2013_2014"
119,2,0.0425531914893617,47,"2013_2014"
121,2,0.0465116279069767,43,"2013_2014"
123,1,0.024390243902439,41,"2013_2014"
125,1,0.0256410256410256,39,"2013_2014"
127,1,0.0263157894736842,38,"2013_2014"
129,1,0.0277777777777778,36,"2013_2014"
131,1,0.0294117647058824,34,"2013_2014"
133,1,0.03125,32,"2013_2014"
135,1,0.032258064516129,31,"2013_2014"
137,1,0.0344827586206897,29,"2013_2014"
139,1,0.0416666666666667,24,"2013_2014"
141,1,0.0454545454545455,22,"2013_2014"
143,1,0.05,20,"2013_2014"
145,1,0.0588235294117647,17,"2013_2014"
147,1,0.0625,16,"2013_2014"
149,1,0.0666666666666667,15,"2013_2014"
151,1,0.0714285714285714,14,"2013_2014"
153,1,0.0714285714285714,14,"2013_2014"
155,1,0.0714285714285714,14,"2013_2014"
157,1,0.0714285714285714,14,"2013_2014"
159,1,0.0769230769230769,13,"2013_2014"
161,1,0.0833333333333333,12,"2013_2014"
163,1,0.0833333333333333,12,"2013_2014"
165,1,0.0833333333333333,12,"2013_2014"
167,1,0.0833333333333333,12,"2013_2014"
169,1,0.0833333333333333,12,"2013_2014"
171,0,0,9,"2013_2014"
173,0,0,8,"2013_2014"
175,0,0,6,"2013_2014"
177,0,0,6,"2013_2014"
179,0,0,6,"2013_2014"
181,0,0,6,"2013_2014"
183,0,0,5,"2013_2014"
185,0,0,5,"2013_2014"
187,0,0,5,"2013_2014"
189,0,0,5,"2013_2014"
191,0,0,4,"2013_2014"
193,0,0,4,"2013_2014"
195,0,0,4,"2013_2014"
197,0,0,3,"2013_2014"
199,0,0,2,"2013_2014"
201,0,0,1,"2013_2014"
203,0,0,1,"2013_2014"
205,0,0,1,"2013_2014"
207,0,NA,0,"2013_2014"
209,0,NA,0,"2013_2014"
1,186,0.179710144927536,1035,"2015_2016"
3,172,0.172172172172172,999,"2015_2016"
5,166,0.172199170124481,964,"2015_2016"
7,156,0.167561761546724,931,"2015_2016"
9,145,0.161111111111111,900,"2015_2016"
11,135,0.155889145496536,866,"2015_2016"
13,125,0.149342891278375,837,"2015_2016"
15,119,0.145833333333333,816,"2015_2016"
17,114,0.14321608040201,796,"2015_2016"
19,104,0.135064935064935,770,"2015_2016"
21,97,0.132152588555858,734,"2015_2016"
23,89,0.124649859943978,714,"2015_2016"
25,82,0.119013062409289,689,"2015_2016"
27,79,0.117559523809524,672,"2015_2016"
29,78,0.12037037037037,648,"2015_2016"
31,71,0.114147909967846,622,"2015_2016"
33,66,0.109634551495017,602,"2015_2016"
35,62,0.106529209621993,582,"2015_2016"
37,56,0.100538599640934,557,"2015_2016"
39,53,0.098330241187384,539,"2015_2016"
41,49,0.0933333333333333,525,"2015_2016"
43,41,0.0818363273453094,501,"2015_2016"
45,38,0.0780287474332649,487,"2015_2016"
47,37,0.0782241014799154,473,"2015_2016"
49,36,0.0779220779220779,462,"2015_2016"
51,33,0.0736607142857143,448,"2015_2016"
53,31,0.0734597156398104,422,"2015_2016"
55,30,0.0737100737100737,407,"2015_2016"
57,28,0.0717948717948718,390,"2015_2016"
59,27,0.0725806451612903,372,"2015_2016"
61,26,0.0734463276836158,354,"2015_2016"
63,26,0.0771513353115727,337,"2015_2016"
65,25,0.0786163522012579,318,"2015_2016"
67,23,0.0756578947368421,304,"2015_2016"
69,19,0.0657439446366782,289,"2015_2016"
71,17,0.0625,272,"2015_2016"
73,16,0.0632411067193676,253,"2015_2016"
75,16,0.0645161290322581,248,"2015_2016"
77,16,0.0680851063829787,235,"2015_2016"
79,15,0.0666666666666667,225,"2015_2016"
81,12,0.0566037735849057,212,"2015_2016"
83,11,0.055,200,"2015_2016"
85,11,0.0591397849462366,186,"2015_2016"
87,10,0.0552486187845304,181,"2015_2016"
89,8,0.0470588235294118,170,"2015_2016"
91,7,0.0424242424242424,165,"2015_2016"
93,7,0.0445859872611465,157,"2015_2016"
95,6,0.0397350993377483,151,"2015_2016"
97,5,0.036231884057971,138,"2015_2016"
99,5,0.037593984962406,133,"2015_2016"
101,5,0.040650406504065,123,"2015_2016"
103,5,0.0423728813559322,118,"2015_2016"
105,4,0.0357142857142857,112,"2015_2016"
107,4,0.0396039603960396,101,"2015_2016"
109,4,0.0416666666666667,96,"2015_2016"
111,4,0.043956043956044,91,"2015_2016"
113,4,0.0465116279069767,86,"2015_2016"
115,4,0.048780487804878,82,"2015_2016"
117,3,0.038961038961039,77,"2015_2016"
119,2,0.0273972602739726,73,"2015_2016"
121,2,0.028169014084507,71,"2015_2016"
123,2,0.0294117647058824,68,"2015_2016"
125,2,0.03125,64,"2015_2016"
127,2,0.0338983050847458,59,"2015_2016"
129,1,0.0181818181818182,55,"2015_2016"
131,1,0.0196078431372549,51,"2015_2016"
133,1,0.0204081632653061,49,"2015_2016"
135,1,0.0217391304347826,46,"2015_2016"
137,0,0,44,"2015_2016"
139,0,0,44,"2015_2016"
141,0,0,41,"2015_2016"
143,0,0,38,"2015_2016"
145,0,0,37,"2015_2016"
147,0,0,34,"2015_2016"
149,0,0,31,"2015_2016"
151,0,0,29,"2015_2016"
153,0,0,29,"2015_2016"
155,0,0,26,"2015_2016"
157,0,0,24,"2015_2016"
159,0,0,24,"2015_2016"
161,0,0,23,"2015_2016"
163,0,0,23,"2015_2016"
165,0,0,22,"2015_2016"
167,0,0,20,"2015_2016"
169,0,0,19,"2015_2016"
171,0,0,18,"2015_2016"
173,0,0,14,"2015_2016"
175,0,0,12,"2015_2016"
177,0,0,12,"2015_2016"
179,0,0,11,"2015_2016"
181,0,0,11,"2015_2016"
183,0,0,10,"2015_2016"
185,0,0,7,"2015_2016"
187,0,0,7,"2015_2016"
189,0,0,6,"2015_2016"
191,0,0,6,"2015_2016"
193,0,0,6,"2015_2016"
195,0,0,6,"2015_2016"
197,0,0,5,"2015_2016"
199,0,0,4,"2015_2016"
201,0,0,3,"2015_2016"
203,0,0,2,"2015_2016"
205,0,0,1,"2015_2016"
207,0,NA,0,"2015_2016"
209,0,NA,0,"2015_2016"
1,150,0.222222222222222,675,"2017_2018"
3,141,0.217257318952234,649,"2017_2018"
5,133,0.213141025641026,624,"2017_2018"
7,125,0.209731543624161,596,"2017_2018"
9,118,0.205933682373473,573,"2017_2018"
11,109,0.200367647058824,544,"2017_2018"
13,102,0.193548387096774,527,"2017_2018"
15,96,0.19009900990099,505,"2017_2018"
17,89,0.183505154639175,485,"2017_2018"
19,86,0.18494623655914,465,"2017_2018"
21,82,0.182628062360802,449,"2017_2018"
23,77,0.176201372997712,437,"2017_2018"
25,73,0.173809523809524,420,"2017_2018"
27,66,0.164588528678304,401,"2017_2018"
29,62,0.160206718346253,387,"2017_2018"
31,57,0.153225806451613,372,"2017_2018"
33,52,0.148571428571429,350,"2017_2018"
35,49,0.146706586826347,334,"2017_2018"
37,45,0.142405063291139,316,"2017_2018"
39,44,0.143790849673203,306,"2017_2018"
41,40,0.136986301369863,292,"2017_2018"
43,39,0.142335766423358,274,"2017_2018"
45,37,0.139097744360902,266,"2017_2018"
47,32,0.1285140562249,249,"2017_2018"
49,27,0.114893617021277,235,"2017_2018"
51,26,0.11353711790393,229,"2017_2018"
53,24,0.11214953271028,214,"2017_2018"
55,22,0.107843137254902,204,"2017_2018"
57,19,0.0994764397905759,191,"2017_2018"
59,19,0.101063829787234,188,"2017_2018"
61,17,0.0939226519337017,181,"2017_2018"
63,16,0.0914285714285714,175,"2017_2018"
65,15,0.0872093023255814,172,"2017_2018"
67,13,0.0787878787878788,165,"2017_2018"
69,12,0.0745341614906832,161,"2017_2018"
71,12,0.0779220779220779,154,"2017_2018"
73,9,0.0652173913043478,138,"2017_2018"
75,7,0.053030303030303,132,"2017_2018"
77,7,0.0564516129032258,124,"2017_2018"
79,6,0.0504201680672269,119,"2017_2018"
81,6,0.0512820512820513,117,"2017_2018"
83,6,0.0535714285714286,112,"2017_2018"
85,6,0.0571428571428571,105,"2017_2018"
87,5,0.0543478260869565,92,"2017_2018"
89,5,0.0561797752808989,89,"2017_2018"
91,4,0.0476190476190476,84,"2017_2018"
93,4,0.0493827160493827,81,"2017_2018"
95,4,0.0526315789473684,76,"2017_2018"
97,3,0.04,75,"2017_2018"
99,2,0.0277777777777778,72,"2017_2018"
101,1,0.0151515151515152,66,"2017_2018"
103,1,0.015625,64,"2017_2018"
105,1,0.0163934426229508,61,"2017_2018"
107,1,0.0175438596491228,57,"2017_2018"
109,1,0.0181818181818182,55,"2017_2018"
111,1,0.0188679245283019,53,"2017_2018"
113,1,0.0196078431372549,51,"2017_2018"
115,1,0.0208333333333333,48,"2017_2018"
117,1,0.0222222222222222,45,"2017_2018"
119,1,0.0238095238095238,42,"2017_2018"
121,1,0.0238095238095238,42,"2017_2018"
123,1,0.0277777777777778,36,"2017_2018"
125,1,0.0277777777777778,36,"2017_2018"
127,1,0.0344827586206897,29,"2017_2018"
129,1,0.0384615384615385,26,"2017_2018"
131,1,0.04,25,"2017_2018"
133,1,0.0454545454545455,22,"2017_2018"
135,1,0.0454545454545455,22,"2017_2018"
137,1,0.0454545454545455,22,"2017_2018"
139,1,0.0454545454545455,22,"2017_2018"
141,1,0.0476190476190476,21,"2017_2018"
143,1,0.0555555555555556,18,"2017_2018"
145,1,0.0555555555555556,18,"2017_2018"
147,1,0.0588235294117647,17,"2017_2018"
149,1,0.0625,16,"2017_2018"
151,1,0.0625,16,"2017_2018"
153,1,0.0625,16,"2017_2018"
155,0,0,15,"2017_2018"
157,0,0,15,"2017_2018"
159,0,0,14,"2017_2018"
161,0,0,12,"2017_2018"
163,0,0,10,"2017_2018"
165,0,0,9,"2017_2018"
167,0,0,9,"2017_2018"
169,0,0,9,"2017_2018"
171,0,0,9,"2017_2018"
173,0,0,8,"2017_2018"
175,0,0,7,"2017_2018"
177,0,0,6,"2017_2018"
179,0,0,4,"2017_2018"
181,0,0,3,"2017_2018"
183,0,0,2,"2017_2018"
185,0,0,2,"2017_2018"
187,0,0,2,"2017_2018"
189,0,0,2,"2017_2018"
191,0,0,2,"2017_2018"
193,0,0,2,"2017_2018"
195,0,0,2,"2017_2018"
197,0,0,2,"2017_2018"
199,0,0,1,"2017_2018"
201,0,0,1,"2017_2018"
203,0,NA,0,"2017_2018"
205,0,NA,0,"2017_2018"
207,0,NA,0,"2017_2018"
209,0,NA,0,"2017_2018"
1,127,0.158948685857322,799,"2019_2020"
3,122,0.157014157014157,777,"2019_2020"
5,114,0.152202937249666,749,"2019_2020"
7,110,0.14945652173913,736,"2019_2020"
9,106,0.149085794655415,711,"2019_2020"
11,102,0.146762589928058,695,"2019_2020"
13,96,0.143283582089552,670,"2019_2020"
15,89,0.136923076923077,650,"2019_2020"
17,86,0.136724960254372,629,"2019_2020"
19,78,0.128712871287129,606,"2019_2020"
21,74,0.127147766323024,582,"2019_2020"
23,72,0.128571428571429,560,"2019_2020"
25,67,0.123388581952118,543,"2019_2020"
27,64,0.123314065510597,519,"2019_2020"
29,63,0.124752475247525,505,"2019_2020"
31,58,0.120331950207469,482,"2019_2020"
33,54,0.116883116883117,462,"2019_2020"
35,52,0.116071428571429,448,"2019_2020"
37,49,0.113425925925926,432,"2019_2020"
39,46,0.110047846889952,418,"2019_2020"
41,45,0.11166253101737,403,"2019_2020"
43,40,0.105263157894737,380,"2019_2020"
45,38,0.104972375690608,362,"2019_2020"
47,34,0.0974212034383954,349,"2019_2020"
49,31,0.0917159763313609,338,"2019_2020"
51,27,0.0833333333333333,324,"2019_2020"
53,26,0.0830670926517572,313,"2019_2020"
55,26,0.0852459016393443,305,"2019_2020"
57,24,0.0816326530612245,294,"2019_2020"
59,22,0.0777385159010601,283,"2019_2020"
61,17,0.0656370656370656,259,"2019_2020"
63,16,0.0642570281124498,249,"2019_2020"
65,14,0.0600858369098712,233,"2019_2020"
67,13,0.0590909090909091,220,"2019_2020"
69,13,0.0619047619047619,210,"2019_2020"
71,12,0.0594059405940594,202,"2019_2020"
73,12,0.0621761658031088,193,"2019_2020"
75,11,0.0597826086956522,184,"2019_2020"
77,10,0.0558659217877095,179,"2019_2020"
79,7,0.0409356725146199,171,"2019_2020"
81,6,0.0357142857142857,168,"2019_2020"
83,5,0.0316455696202532,158,"2019_2020"
85,5,0.0340136054421769,147,"2019_2020"
87,4,0.0291970802919708,137,"2019_2020"
89,4,0.0307692307692308,130,"2019_2020"
91,3,0.024390243902439,123,"2019_2020"
93,2,0.0170940170940171,117,"2019_2020"
95,2,0.0176991150442478,113,"2019_2020"
97,1,0.0091743119266055,109,"2019_2020"
99,1,0.00970873786407767,103,"2019_2020"
101,1,0.0102040816326531,98,"2019_2020"
103,1,0.010989010989011,91,"2019_2020"
105,1,0.0114942528735632,87,"2019_2020"
107,1,0.0123456790123457,81,"2019_2020"
109,1,0.0133333333333333,75,"2019_2020"
111,1,0.0147058823529412,68,"2019_2020"
113,1,0.0158730158730159,63,"2019_2020"
115,1,0.0158730158730159,63,"2019_2020"
117,1,0.0169491525423729,59,"2019_2020"
119,0,0,54,"2019_2020"
121,0,0,54,"2019_2020"
123,0,0,51,"2019_2020"
125,0,0,49,"2019_2020"
127,0,0,45,"2019_2020"
129,0,0,42,"2019_2020"
131,0,0,40,"2019_2020"
133,0,0,38,"2019_2020"
135,0,0,35,"2019_2020"
137,0,0,31,"2019_2020"
139,0,0,30,"2019_2020"
141,0,0,29,"2019_2020"
143,0,0,29,"2019_2020"
145,0,0,28,"2019_2020"
147,0,0,27,"2019_2020"
149,0,0,26,"2019_2020"
151,0,0,26,"2019_2020"
153,0,0,25,"2019_2020"
155,0,0,24,"2019_2020"
157,0,0,23,"2019_2020"
159,0,0,21,"2019_2020"
161,0,0,20,"2019_2020"
163,0,0,19,"2019_2020"
165,0,0,18,"2019_2020"
167,0,0,14,"2019_2020"
169,0,0,12,"2019_2020"
171,0,0,12,"2019_2020"
173,0,0,10,"2019_2020"
175,0,0,7,"2019_2020"
177,0,0,6,"2019_2020"
179,0,0,6,"2019_2020"
181,0,0,6,"2019_2020"
183,0,0,5,"2019_2020"
185,0,0,4,"2019_2020"
187,0,0,3,"2019_2020"
189,0,0,2,"2019_2020"
191,0,0,2,"2019_2020"
193,0,0,2,"2019_2020"
195,0,0,2,"2019_2020"
197,0,0,2,"2019_2020"
199,0,0,2,"2019_2020"
201,0,0,2,"2019_2020"
203,0,0,2,"2019_2020"
205,0,0,2,"2019_2020"
207,0,0,2,"2019_2020"
209,0,0,2,"2019_2020"
1,209,0.17358803986711,1204,"2021_2022"
3,199,0.169650468883205,1173,"2021_2022"
5,192,0.168273444347064,1141,"2021_2022"
7,170,0.155677655677656,1092,"2021_2022"
9,159,0.15014164305949,1059,"2021_2022"
11,151,0.147317073170732,1025,"2021_2022"
13,144,0.145601617795753,989,"2021_2022"
15,136,0.142707240293809,953,"2021_2022"
17,128,0.13882863340564,922,"2021_2022"
19,118,0.133635334088335,883,"2021_2022"
21,111,0.131050767414404,847,"2021_2022"
23,104,0.126984126984127,819,"2021_2022"
25,95,0.123056994818653,772,"2021_2022"
27,88,0.119727891156463,735,"2021_2022"
29,83,0.117730496453901,705,"2021_2022"
31,75,0.11177347242921,671,"2021_2022"
33,69,0.107142857142857,644,"2021_2022"
35,65,0.104166666666667,624,"2021_2022"
37,60,0.10016694490818,599,"2021_2022"
39,56,0.0963855421686747,581,"2021_2022"
41,51,0.0922242314647378,553,"2021_2022"
43,49,0.0929791271347249,527,"2021_2022"
45,47,0.0919765166340509,511,"2021_2022"
47,44,0.0897959183673469,490,"2021_2022"
49,39,0.0842332613390929,463,"2021_2022"
51,36,0.0816326530612245,441,"2021_2022"
53,32,0.0758293838862559,422,"2021_2022"
55,30,0.0757575757575758,396,"2021_2022"
57,26,0.0687830687830688,378,"2021_2022"
59,25,0.0692520775623269,361,"2021_2022"
61,24,0.0701754385964912,342,"2021_2022"
63,21,0.0658307210031348,319,"2021_2022"
65,20,0.065359477124183,306,"2021_2022"
67,19,0.0662020905923345,287,"2021_2022"
69,18,0.0661764705882353,272,"2021_2022"
71,16,0.0634920634920635,252,"2021_2022"
73,16,0.0653061224489796,245,"2021_2022"
75,16,0.0677966101694915,236,"2021_2022"
77,15,0.0666666666666667,225,"2021_2022"
79,13,0.0607476635514019,214,"2021_2022"
81,10,0.0495049504950495,202,"2021_2022"
83,10,0.0512820512820513,195,"2021_2022"
85,7,0.0378378378378378,185,"2021_2022"
87,6,0.0350877192982456,171,"2021_2022"
89,6,0.036144578313253,166,"2021_2022"
91,5,0.032258064516129,155,"2021_2022"
93,5,0.0340136054421769,147,"2021_2022"
95,4,0.0291970802919708,137,"2021_2022"
97,4,0.0298507462686567,134,"2021_2022"
99,4,0.0310077519379845,129,"2021_2022"
101,3,0.0245901639344262,122,"2021_2022"
103,3,0.0260869565217391,115,"2021_2022"
105,3,0.0283018867924528,106,"2021_2022"
107,3,0.0297029702970297,101,"2021_2022"
109,2,0.0210526315789474,95,"2021_2022"
111,2,0.021978021978022,91,"2021_2022"
113,2,0.0232558139534884,86,"2021_2022"
115,2,0.0253164556962025,79,"2021_2022"
117,2,0.027027027027027,74,"2021_2022"
119,2,0.0277777777777778,72,"2021_2022"
121,1,0.0151515151515152,66,"2021_2022"
123,1,0.0161290322580645,62,"2021_2022"
125,1,0.0172413793103448,58,"2021_2022"
127,1,0.0185185185185185,54,"2021_2022"
129,1,0.0188679245283019,53,"2021_2022"
131,1,0.0204081632653061,49,"2021_2022"
133,1,0.0222222222222222,45,"2021_2022"
135,1,0.0232558139534884,43,"2021_2022"
137,0,0,38,"2021_2022"
139,0,0,36,"2021_2022"
141,0,0,34,"2021_2022"
143,0,0,31,"2021_2022"
145,0,0,28,"2021_2022"
147,0,0,28,"2021_2022"
149,0,0,28,"2021_2022"
151,0,0,26,"2021_2022"
153,0,0,21,"2021_2022"
155,0,0,19,"2021_2022"
157,0,0,17,"2021_2022"
159,0,0,16,"2021_2022"
161,0,0,15,"2021_2022"
163,0,0,15,"2021_2022"
165,0,0,14,"2021_2022"
167,0,0,11,"2021_2022"
169,0,0,10,"2021_2022"
171,0,0,8,"2021_2022"
173,0,0,8,"2021_2022"
175,0,0,7,"2021_2022"
177,0,0,7,"2021_2022"
179,0,0,6,"2021_2022"
181,0,0,6,"2021_2022"
183,0,0,4,"2021_2022"
185,0,0,4,"2021_2022"
187,0,0,2,"2021_2022"
189,0,0,2,"2021_2022"
191,0,0,2,"2021_2022"
193,0,0,2,"2021_2022"
195,0,0,2,"2021_2022"
197,0,0,2,"2021_2022"
199,0,0,2,"2021_2022"
201,0,0,2,"2021_2022"
203,0,0,2,"2021_2022"
205,0,0,2,"2021_2022"
207,0,NA,0,"2021_2022"
209,0,NA,0,"2021_2022"
1,80,0.157170923379175,509,"2023_2024"
3,78,0.154761904761905,504,"2023_2024"
5,76,0.154158215010142,493,"2023_2024"
7,71,0.147302904564315,482,"2023_2024"
9,70,0.147679324894515,474,"2023_2024"
11,69,0.148068669527897,466,"2023_2024"
13,67,0.146288209606987,458,"2023_2024"
15,66,0.146666666666667,450,"2023_2024"
17,63,0.144495412844037,436,"2023_2024"
19,62,0.144522144522145,429,"2023_2024"
21,60,0.143540669856459,418,"2023_2024"
23,58,0.141119221411192,411,"2023_2024"
25,56,0.14070351758794,398,"2023_2024"
27,52,0.134020618556701,388,"2023_2024"
29,51,0.134210526315789,380,"2023_2024"
31,48,0.128342245989305,374,"2023_2024"
33,45,0.121951219512195,369,"2023_2024"
35,41,0.115492957746479,355,"2023_2024"
37,38,0.112094395280236,339,"2023_2024"
39,38,0.115151515151515,330,"2023_2024"
41,33,0.10410094637224,317,"2023_2024"
43,30,0.0986842105263158,304,"2023_2024"
45,29,0.100694444444444,288,"2023_2024"
47,26,0.0945454545454545,275,"2023_2024"
49,25,0.0922509225092251,271,"2023_2024"
51,23,0.0891472868217054,258,"2023_2024"
53,22,0.0890688259109312,247,"2023_2024"
55,22,0.0909090909090909,242,"2023_2024"
57,19,0.0829694323144105,229,"2023_2024"
59,18,0.0807174887892377,223,"2023_2024"
61,17,0.080188679245283,212,"2023_2024"
63,17,0.0825242718446602,206,"2023_2024"
65,17,0.0833333333333333,204,"2023_2024"
67,13,0.0666666666666667,195,"2023_2024"
69,10,0.0543478260869565,184,"2023_2024"
71,10,0.0558659217877095,179,"2023_2024"
73,9,0.0526315789473684,171,"2023_2024"
75,9,0.0548780487804878,164,"2023_2024"
77,8,0.0506329113924051,158,"2023_2024"
79,8,0.0526315789473684,152,"2023_2024"
81,7,0.0486111111111111,144,"2023_2024"
83,5,0.0367647058823529,136,"2023_2024"
85,4,0.031496062992126,127,"2023_2024"
87,4,0.0330578512396694,121,"2023_2024"
89,4,0.0350877192982456,114,"2023_2024"
91,4,0.036697247706422,109,"2023_2024"
93,4,0.0380952380952381,105,"2023_2024"
95,4,0.0396039603960396,101,"2023_2024"
97,4,0.0416666666666667,96,"2023_2024"
99,2,0.0222222222222222,90,"2023_2024"
101,2,0.0232558139534884,86,"2023_2024"
103,2,0.0240963855421687,83,"2023_2024"
105,2,0.0256410256410256,78,"2023_2024"
107,2,0.027027027027027,74,"2023_2024"
109,2,0.0289855072463768,69,"2023_2024"
111,2,0.0294117647058824,68,"2023_2024"
113,2,0.0298507462686567,67,"2023_2024"
115,2,0.03125,64,"2023_2024"
117,1,0.0178571428571429,56,"2023_2024"
119,1,0.0178571428571429,56,"2023_2024"
121,1,0.0181818181818182,55,"2023_2024"
123,1,0.0192307692307692,52,"2023_2024"
125,1,0.0192307692307692,52,"2023_2024"
127,1,0.0196078431372549,51,"2023_2024"
129,1,0.02,50,"2023_2024"
131,1,0.0208333333333333,48,"2023_2024"
133,1,0.0222222222222222,45,"2023_2024"
135,1,0.0232558139534884,43,"2023_2024"
137,1,0.0256410256410256,39,"2023_2024"
139,1,0.027027027027027,37,"2023_2024"
141,1,0.0277777777777778,36,"2023_2024"
143,1,0.0303030303030303,33,"2023_2024"
145,1,0.032258064516129,31,"2023_2024"
147,1,0.0333333333333333,30,"2023_2024"
149,0,0,23,"2023_2024"
151,0,0,21,"2023_2024"
153,0,0,19,"2023_2024"
155,0,0,16,"2023_2024"
157,0,0,14,"2023_2024"
159,0,0,14,"2023_2024"
161,0,0,13,"2023_2024"
163,0,0,12,"2023_2024"
165,0,0,11,"2023_2024"
167,0,0,10,"2023_2024"
169,0,0,8,"2023_2024"
171,0,0,8,"2023_2024"
173,0,0,8,"2023_2024"
175,0,0,8,"2023_2024"
177,0,0,8,"2023_2024"
179,0,0,8,"2023_2024"
181,0,0,8,"2023_2024"
183,0,0,8,"2023_2024"
185,0,0,8,"2023_2024"
187,0,0,8,"2023_2024"
189,0,0,8,"2023_2024"
191,0,0,5,"2023_2024"
193,0,0,4,"2023_2024"
195,0,0,2,"2023_2024"
197,0,0,1,"2023_2024"
199,0,0,1,"2023_2024"
201,0,NA,0,"2023_2024"
203,0,NA,0,"2023_2024"
205,0,NA,0,"2023_2024"
207,0,NA,0,"2023_2024"
209,0,NA,0,"2023_2024"
